<?xml version="1.0" encoding="UTF-8" standalone="no"?>
<project default="create_run_jar" name="Create Runnable Jar for Project NTC">
    <!--this file was created by Eclipse Runnable JAR Export Wizard-->
    <!--ANT 1.7 is required                                        -->
    <target name="create_run_jar">
        <jar destfile="/Users/treimers/Data/Ntc/thermistor/Java/NTC/thermistor.1.0.jar" filesetmanifest="mergewithoutmain">
            <manifest>
                <attribute name="Main-Class" value="de.softquadrat.ntc.test.NtcTest"/>
                <attribute name="Class-Path" value="."/>
            </manifest>
            <fileset dir="/Users/treimers/Data/Ntc/thermistor/Java/NTC/bin"/>
        </jar>
    </target>
</project>
